Id,Target
0054_0,25
0054_1,17
0054_2,28
0054_3,28
0054_4,31
0054_5,8
0054_6,31
0054_7,28
0054_8,13
0054_9,26
0054_10,28
0054_11,7
0054_12,28
0054_13,30
0054_14,28
0054_15,28
0054_16,28
0054_17,1
0054_18,1
0054_19,7
0054_20,28
0054_21,28
0054_22,28
0054_23,1
0054_24,28
0054_25,30
0054_26,30
0054_27,30
0054_28,30
0054_29,28
0054_30,30
0054_31,30
0054_32,30
0054_33,28
0054_34,28
0054_35,30
0054_36,28
0054_37,28
0054_38,28
0054_39,28
0054_40,28
0054_41,28
0054_42,30
0054_43,30
0054_44,28
0054_45,28
0054_46,28
0054_47,28
0054_48,30
0054_49,28
0054_50,30
0054_51,28
0054_52,28
0054_53,30
0054_54,7
0054_55,31
0054_56,28
0054_57,31
0054_58,28
0054_59,28
0054_60,28
0067_0,30
0067_1,30
0067_2,30
0067_3,30
0067_4,28
0067_5,30
0067_6,30
0067_7,30
0067_8,30
0067_9,30
0067_10,30
0067_11,30
0067_12,30
0067_13,30
0069_0,30
0069_1,31
0069_2,31
0069_3,30
0069_4,11
0069_5,8
0069_6,1
0069_7,8
0069_8,30
0069_9,30
0069_10,30
0069_11,30
0069_12,30
0069_13,30
0069_14,7
0070_0,8
0070_1,31
0070_2,8
0070_3,31
0070_4,30
0070_5,28
0070_6,30
0070_7,20
0070_8,28
0070_9,31
0070_10,19
0070_11,31
0070_12,30
0070_13,31
0070_14,28
0070_15,8
0070_16,19
0070_17,19
0070_18,7
0070_19,21
0070_20,30
0070_21,31
0070_22,30
0070_23,31
0070_24,30
0070_25,31
0070_26,30
0070_27,31
0070_28,30
0070_29,31
0070_30,30
0070_31,28
0070_32,30
0070_33,31
0070_34,30
0070_35,31
0071_0,21
0071_1,30
0071_2,31
0071_3,31
0071_4,21
0071_5,31
0071_6,28
0071_7,19
0071_8,30
0071_9,19
0071_10,30
0071_11,30
0071_12,30
0071_13,30
0071_14,30
0072_0,15
0072_1,8
0072_2,23
0072_3,7
0072_4,31
0072_5,23
0072_6,31
0072_7,23
0072_8,31
0072_9,22
0072_10,22
0072_11,31
0072_12,31
0072_13,20
0072_14,20
0072_15,19
0072_16,31
0072_17,31
0072_18,23
0072_19,31
0072_20,22
0072_21,31
0072_22,22
0072_23,31
0072_24,22
0072_25,22
0072_26,28
0072_27,31
0072_28,7
0072_29,28
0072_30,26
0072_31,31
0072_32,31
0072_33,19
0072_34,30
0072_35,19
0072_36,19
0072_37,31
0072_38,19
0072_39,31
0072_40,19
0074_0,19
0074_1,19
0074_2,30
0074_3,30
0074_4,30
0074_5,28
0074_6,30
0074_7,30
0074_8,30
0074_9,28
0074_10,30
0074_11,30
0074_12,7
0074_13,30
0074_14,30
0077_0,30
0077_1,30
0077_2,30
0077_3,30
0077_4,30
0077_5,30
0077_6,28
0077_7,30
0077_8,30
0077_9,3
0077_10,11
0077_11,30
0077_12,30
0077_13,30
0077_14,30
0079_0,26
0079_1,28
0079_2,23
0079_3,10
0079_4,23
0079_5,30
0079_6,30
0079_7,30
0079_8,22
0079_9,30
0079_10,31
0079_11,23
0079_12,31
0079_13,30
0079_14,1
0079_15,1
0079_16,28
0079_17,31
0085_0,19
0085_1,20
0085_2,19
0085_3,30
0085_4,30
0085_5,20
0085_6,20
0085_7,19
0085_8,20
0085_9,20
0085_10,19
0098_0,13
0098_1,19
0098_2,31
0098_3,31
0098_4,12
0098_5,19
0098_6,28
0098_7,7
0098_8,30
0098_9,19
0098_10,30
0098_11,21
0098_12,21
0098_13,30
0098_14,30
0098_15,30
0098_16,19
0098_17,30
0098_18,30
0098_19,30
0098_20,30
0098_21,19
0098_22,30
0098_23,30
0105_0,28
0105_1,30
0105_2,25
0105_3,30
0105_4,30
0105_5,28
0105_6,7
0105_7,28
0105_8,30
0105_9,30
0105_10,7
0105_11,28
0105_12,30
0105_13,30
0105_14,30
0105_15,7
0105_16,28
0105_17,19
0105_18,7
0105_19,30
0105_20,30
0105_21,7
0105_22,31
0105_23,7
0105_24,30
0105_25,7
0105_26,31
0105_27,30
0105_28,30
0105_29,31
0105_30,30
0106_0,28
0106_1,26
0106_2,13
0106_3,13
0106_4,30
0106_5,1
0106_6,31
0106_7,28
0106_8,27
0106_9,27
0106_10,19
0106_11,26
0106_12,26
0106_13,27
0106_14,1
0106_15,27
0109_0,12
0109_1,30
0109_2,30
0109_3,7
0109_4,28
0109_5,19
0109_6,28
0109_7,12
0109_8,28
0109_9,28
0109_10,12
0109_11,1
0109_12,30
0109_13,1
0109_14,1
0109_15,28
0109_16,28
0109_17,28
0109_18,19
0109_19,30
0109_20,30
0109_21,7
0109_22,31
0109_23,31
0109_24,31
0109_25,30
0109_26,28
0109_27,31
0109_28,30
0109_29,28
0109_30,30
0109_31,12
0109_32,7
0109_33,7
0110_0,25
0110_1,31
0110_2,30
0110_3,30
0110_4,30
0110_5,1
0110_6,13
0110_7,7
0110_8,10
0110_9,31
0110_10,30
0110_11,30
0110_12,30
0110_13,30
0110_14,30
0111_0,22
0111_1,22
0111_2,30
0111_3,31
0111_4,31
0111_5,22
0111_6,22
0111_7,19
0111_8,28
0111_9,31
0111_10,31
0111_11,31
0111_12,30
0111_13,30
0111_14,31
0111_15,7
0111_16,7
0111_17,8
0111_18,8
0112_0,23
0112_1,25
0112_2,27
0112_3,28
0112_4,20
0112_5,31
0112_6,31
0112_7,31
0112_8,31
0112_9,31
0112_10,31
0112_11,31
0112_12,31
0112_13,31
0112_14,31
0112_15,27
0112_16,31
0112_17,31
0112_18,31
0112_19,28
0112_20,30
0112_21,31
0112_22,28
0112_23,31
0112_24,20
0112_25,28
0112_26,7
0112_27,31
0112_28,31
0112_29,28
0112_30,31
0112_31,31
0112_32,19
0112_33,30
0112_34,28
0112_35,30
0112_36,31
0112_37,19
0112_38,31
0112_39,19
0112_40,19
0112_41,28
0112_42,30
0112_43,20
0112_44,19
0112_45,31
0112_46,31
0112_47,30
0112_48,30
0112_49,27
0112_50,31
0112_51,30
0112_52,27
0112_53,28
0112_54,30
0112_55,31
0112_56,19
0112_57,19
0112_58,31
0112_59,31
0112_60,3
0112_61,19
0112_62,30
0112_63,28
0112_64,19
0112_65,19
0112_66,30
0114_0,3
0114_1,31
0114_2,31
0114_3,31
0114_4,31
0114_5,25
0114_6,26
0114_7,19
0114_8,31
0114_9,31
0114_10,31
0114_11,19
0114_12,7
0114_13,31
0114_14,31
0114_15,28
0114_16,22
0114_17,28
0114_18,30
0114_19,31
0114_20,19
0114_21,19
0114_22,31
0114_23,19
0114_24,7
0114_25,16
0114_26,21
0114_27,31
0114_28,31
0114_29,31
0114_30,31
0114_31,31
0114_32,31
0114_33,31
0114_34,31
0114_35,31
0114_36,1
0114_37,31
0114_38,20
0114_39,19
0114_40,28
0114_41,7
0114_42,31
0114_43,31
0114_44,28
0114_45,31
0114_46,19
0114_47,31
0114_48,31
0114_49,31
0114_50,31
0114_51,31
0114_52,31
0114_53,31
0114_54,31
0114_55,31
0114_56,31
0114_57,28
0114_58,31
0114_59,31
0114_60,31
0114_61,31
0114_62,31
0114_63,17
0114_64,19
0116_0,7
0116_1,19
0116_2,19
0116_3,8
0116_4,1
0116_5,1
0116_6,1
0116_7,19
0116_8,8
0116_9,31
0116_10,10
0116_11,19
0116_12,31
0116_13,1
0116_14,7
0116_15,30
0116_16,28
0116_17,31
0116_18,31
0116_19,7
0116_20,10
0116_21,10
0116_22,19
0116_23,31
0116_24,31
0116_25,30
0116_26,31
0116_27,10
0116_28,10
0116_29,30
0116_30,28
0116_31,30
0116_32,31
0116_33,19
0116_34,19
0116_35,19
0116_36,30
0118_0,7
0118_1,22
0118_2,22
0118_3,30
0118_4,22
0118_5,7
0118_6,22
0118_7,30
0118_8,7
0118_9,31
0118_10,22
0118_11,31
0118_12,31
0118_13,31
0118_14,31
0118_15,31
0118_16,31
0118_17,7
0118_18,22
0118_19,30
0118_20,30
0118_21,22
0118_22,22
0118_23,30
0118_24,31
0118_25,22
0125_0,31
0125_1,19
0125_2,31
0125_3,31
0125_4,19
0125_5,31
0125_6,31
0125_7,31
0125_8,28
0125_9,31
0125_10,31
0126_0,7
0126_1,1
0126_2,25
0126_3,1
0126_4,1
0126_5,31
0126_6,31
0126_7,30
0126_8,31
0126_9,31
0126_10,1
0126_11,31
0126_12,31
0126_13,31
0126_14,31
0126_15,31
0126_16,28
0126_17,31
0126_18,19
0126_19,30
0126_20,19
0126_21,28
0126_22,30
0126_23,31
0126_24,25
0126_25,30
0126_26,1
0126_27,30
0126_28,31
0126_29,22
0126_30,22
0126_31,30
0126_32,31
0126_33,31
0126_34,25
0126_35,31
0126_36,31
0126_37,22
0126_38,7
0126_39,10
0126_40,1
0126_41,31
0126_42,25
0126_43,31
0126_44,31
0126_45,31
0126_46,31
0126_47,31
0126_48,30
0126_49,7
0126_50,30
0126_51,31
0126_52,10
0126_53,30
0126_54,31
0126_55,31
0126_56,31
0126_57,30
0126_58,30
0126_59,30
0126_60,31
0126_61,28
0126_62,23
0126_63,30
0126_64,1
0126_65,30
0126_66,30
0126_67,30
0126_68,30
0133_0,30
0133_1,19
0133_2,30
0133_3,30
0133_4,16
0133_5,30
0133_6,30
0133_7,30
0133_8,30
0133_9,30
0133_10,30
0133_11,31
0133_12,30
0133_13,28
0133_14,19
0133_15,30
0133_16,30
0133_17,30
0133_18,31
0133_19,31
0133_20,31
0133_21,11
0133_22,30
0133_23,30
0133_24,7
0133_25,30
0133_26,31
0133_27,31
0133_28,30
0133_29,31
0133_30,7
0133_31,30
0133_32,30
0133_33,30
0133_34,30
0133_35,19
0133_36,28
0133_37,31
0133_38,31
0133_39,31
0133_40,7
0133_41,31
0133_42,31
0133_43,7
0133_44,31
0133_45,31
0133_46,31
0133_47,30
0133_48,31
0133_49,31
0133_50,31
0133_51,31
0133_52,1
0133_53,7
0133_54,31
0133_55,31
0133_56,31
0133_57,6
0133_58,31
0133_59,31
0133_60,30
0133_61,30
0133_62,31
0133_63,31
0133_64,31
0133_65,31
0133_66,31
0133_67,31
0133_68,7
0133_69,7
0133_70,7
0133_71,6
0133_72,31
0133_73,31
0133_74,31
0133_75,6
0133_76,7
0133_77,19
0133_78,19
0133_79,20
0133_80,30
0133_81,20
0133_82,19
0133_83,30
0133_84,30
0133_85,19
0133_86,19
0133_87,30
0133_88,31
0133_89,19
0133_90,19
0133_91,30
0133_92,31
0133_93,30
0133_94,31
0133_95,31
0133_96,19
0133_97,30
0133_98,30
0133_99,30
0133_100,31
0133_101,30
0133_102,31
0133_103,3
0133_104,31
0133_105,19
0133_106,19
0133_107,31
0133_108,31
0133_109,28
0133_110,30
0133_111,30
0133_112,31
0133_113,31
0133_114,30
0133_115,31
0133_116,31
0133_117,30
0133_118,31
0133_119,31
0135_0,13
0135_1,30
0135_2,28
0135_3,30
0135_4,30
0135_5,4
0135_6,30
0135_7,27
0135_8,30
0135_9,30
0135_10,28
0135_11,20
0135_12,20
0135_13,19
0135_14,7
0135_15,30
0135_16,28
0135_17,28
0135_18,19
0135_19,19
0135_20,7
0135_21,31
0135_22,30
0135_23,28
0135_24,30
0135_25,19
0135_26,30
0135_27,11
0135_28,30
0135_29,30
0135_30,30
0135_31,7
0135_32,7
0135_33,30
0135_34,30
0138_0,30
0138_1,30
0138_2,30
0138_3,30
0138_4,28
0138_5,28
0138_6,19
0138_7,1
0138_8,28
0138_9,30
0138_10,19
0138_11,19
0138_12,28
0138_13,30
0138_14,28
0138_15,31
0138_16,3
0138_17,7
0138_18,30
0144_0,19
0144_1,31
0144_2,22
0144_3,19
0144_4,30
0144_5,1
0144_6,7
0144_7,25
0144_8,3
0144_9,7
0144_10,31
0144_11,28
0144_12,19
0144_13,19
0144_14,30
0144_15,26
0144_16,19
0144_17,28
0144_18,19
0144_19,7
0144_20,19
0144_21,31
0148_0,10
0148_1,11
0148_2,10
0148_3,1
0148_4,23
0148_5,23
0148_6,22
0148_7,22
0148_8,31
0148_9,22
0148_10,30
0148_11,22
0148_12,23
0148_13,30
0148_14,31
0148_15,1
0148_16,23
0148_17,23
0148_18,31
0148_19,31
0148_20,22
0148_21,23
0148_22,22
0148_23,23
0148_24,23
0148_25,31
0148_26,31
0148_27,23
0148_28,31
0148_29,31
0148_30,22
0148_31,22
0148_32,23
0148_33,22
0148_34,22
0148_35,22
0148_36,28
0148_37,23
0148_38,23
0148_39,22
0148_40,31
0148_41,22
0148_42,7
0148_43,22
0148_44,22
0148_45,23
0148_46,7
0148_47,22
0148_48,22
0148_49,31
0148_50,22
0148_51,22
0148_52,30
0148_53,22
0154_0,19
0154_1,21
0154_2,1
0154_3,19
0154_4,31
0154_5,30
0154_6,28
0154_7,31
0154_8,7
0154_9,28
0154_10,19
0154_11,31
0154_12,30
0154_13,30
0154_14,1
0154_15,7
0154_16,31
0154_17,19
0154_18,19
0154_19,19
0154_20,28
0154_21,31
0154_22,21
0154_23,31
0154_24,30
0154_25,1
0154_26,31
0154_27,21
0154_28,31
0154_29,19
0154_30,21
0154_31,28
0154_32,28
0154_33,31
0154_34,31
0154_35,30
0154_36,28
0154_37,28
0154_38,28
0154_39,7
0154_40,21
0154_41,19
0154_42,28
0154_43,31
0154_44,28
0154_45,21
0154_46,21
0154_47,30
0154_48,30
0154_49,30
0154_50,19
0154_51,30
0154_52,28
0154_53,28
0154_54,28
0154_55,28
0154_56,28
0154_57,30
0154_58,7
0154_59,21
0154_60,19
0154_61,30
0154_62,7
0154_63,31
0154_64,16
0154_65,19
0154_66,31
0154_67,31
0154_68,31
0154_69,31
0154_70,30
0154_71,28
0154_72,28
0154_73,28
0154_74,19
0154_75,28
0154_76,30
0154_77,17
0154_78,26
0154_79,26
0154_80,17
0154_81,22
0154_82,31
0154_83,31
0154_84,30
0156_0,1
0156_1,30
0156_2,1
0156_3,30
0161_0,20
0161_1,13
0161_2,31
0161_3,31
0161_4,31
0161_5,25
0161_6,31
0161_7,31
0161_8,31
0161_9,31
0161_10,1
0161_11,31
0161_12,31
0161_13,31
0161_14,31
0161_15,31
0161_16,31
0161_17,23
0161_18,19
0161_19,31
0161_20,31
0161_21,31
0161_22,31
0161_23,28
0161_24,21
0161_25,19
0161_26,7
0161_27,7
0161_28,19
0161_29,31
0161_30,31
0161_31,19
0161_32,31
0161_33,31
0161_34,31
0161_35,31
0161_36,31
0161_37,31
0161_38,31
0161_39,31
0161_40,31
0161_41,30
0161_42,31
0163_0,3
0163_1,7
0163_2,23
0163_3,23
0163_4,23
0163_5,31
0163_6,23
0163_7,22
0163_8,23
0163_9,23
0163_10,31
0163_11,23
0163_12,22
0163_13,23
0163_14,31
0163_15,22
0163_16,22
0163_17,23
0163_18,23
0163_19,22
0163_20,23
0166_0,19
0166_1,30
0166_2,19
0166_3,19
0166_4,31
0166_5,31
0166_6,7
0166_7,1
0166_8,1
0167_0,22
0167_1,31
0167_2,27
0167_3,19
0167_4,27
0167_5,7
0167_6,28
0167_7,28
0167_8,28
0167_9,28
0167_10,19
0167_11,19
0167_12,28
0167_13,1
0167_14,1
0168_0,19
0168_1,19
0168_2,3
0168_3,30
0168_4,30
0168_5,7
0168_6,30
0168_7,30
0168_8,30
0168_9,30
0168_10,7
0168_11,31
0169_0,30
0169_1,3
0169_2,31
0169_3,30
0169_4,30
0169_5,31
0169_6,31
0169_7,19
0169_8,31
0169_9,30
0169_10,30
0169_11,13
0169_12,13
0169_13,30
0169_14,30
0169_15,10
0169_16,7
0169_17,31
0169_18,13
0169_19,30
0169_20,30
0169_21,30
0169_22,7
0169_23,3
0169_24,31
0169_25,7
0169_26,11
0169_27,31
0169_28,31
0169_29,31
0169_30,7
0169_31,30
0169_32,30
0169_33,7
0169_34,27
0169_35,7
0169_36,7
0196_0,19
0196_1,19
0196_2,31
0196_3,31
0196_4,31
0196_5,7
0196_6,31
0196_7,31
0196_8,31
0196_9,31
0196_10,19
0196_11,19
0196_12,30
0196_13,7
0196_14,31
0196_15,31
0196_16,31
0196_17,31
0196_18,31
0196_19,31
0196_20,28
0196_21,19
0196_22,31
0196_23,31
0196_24,28
0196_25,31
0196_26,31
0196_27,31
0196_28,31
0196_29,22
0196_30,31
0196_31,17
0196_32,19
0196_33,20
0196_34,19
0196_35,31
0196_36,19
0196_37,31
0196_38,31
0196_39,31
0196_40,31
0196_41,1
0196_42,14
0196_43,31
0196_44,19
0196_45,31
0196_46,31
0196_47,19
0196_48,19
0196_49,31
0196_50,31
0196_51,31
0196_52,31
0196_53,31
0198_0,19
0198_1,20
0198_2,7
0198_3,31
0198_4,7
0198_5,20
0198_6,31
0198_7,23
0198_8,31
0198_9,22
0198_10,31
0198_11,22
0198_12,22
0198_13,31
0198_14,8
0198_15,7
0198_16,16
0198_17,30
0198_18,31
0198_19,25
0198_20,22
0198_21,31
0198_22,22
0198_23,30
0198_24,30
0198_25,22
0198_26,31
0198_27,22
0198_28,31
0198_29,31
0198_30,31
0198_31,31
0198_32,22
0198_33,19
0198_34,22
0198_35,19
0198_36,22
0198_37,23
0198_38,31
0198_39,23
0198_40,31
0198_41,23
0198_42,16
0200_0,22
0200_1,31
0200_2,31
0200_3,31
0200_4,31
0200_5,31
0200_6,31
0200_7,22
0200_8,31
0200_9,23
0200_10,1
0200_11,31
0200_12,31
0200_13,31
0200_14,31
0200_15,31
0200_16,31
0200_17,31
0200_18,12
0200_19,28
0200_20,7
0200_21,22
0200_22,31
0200_23,31
0200_24,31
0200_25,31
0200_26,31
0200_27,31
0200_28,22
0200_29,31
0200_30,31
0200_31,12
0200_32,31
0200_33,31
0200_34,31
0200_35,31
0200_36,31
0200_37,22
0200_38,21
0200_39,28
0200_40,28
0200_41,30
0200_42,28
0200_43,31
0200_44,31
0201_0,7
0201_1,23
0201_2,31
0201_3,23
0201_4,1
0201_5,31
0201_6,31
0201_7,28
0201_8,22
0201_9,31
0201_10,22
0201_11,31
0201_12,31
0201_13,31
0201_14,31
0201_15,31
0201_16,31
0201_17,31
0201_18,31
0201_19,31
0201_20,28
0201_21,22
0201_22,22
0201_23,31
0201_24,31
0201_25,31
0201_26,25
0201_27,22
0201_28,31
0201_29,31
0201_30,31
0201_31,31
0201_32,31
0201_33,31
0205_0,23
0205_1,30
0205_2,30
0205_3,31
0205_4,31
0205_5,22
0205_6,31
0205_7,31
0205_8,31
0205_9,31
0205_10,31
0205_11,22
0205_12,22
0205_13,22
0205_14,31
0205_15,3
0205_16,31
0205_17,31
0205_18,22
0205_19,31
0205_20,22
0205_21,31
0205_22,31
0205_23,31
0205_24,31
0205_25,31
0205_26,31
0205_27,7
0205_28,31
0205_29,31
0205_30,31
0205_31,31
0205_32,31
0205_33,31
0205_34,31
0205_35,31
0205_36,31
0205_37,31
0205_38,31
0208_0,19
0208_1,30
0208_2,19
0208_3,3
0208_4,1
0208_5,28
0208_6,12
0208_7,16
0208_8,19
0208_9,30
0208_10,30
0208_11,19
0208_12,30
0208_13,19
0208_14,4
0208_15,16
0208_16,19
0208_17,30
0208_18,30
0208_19,30
0208_20,30
0208_21,28
0208_22,19
0208_23,30
0208_24,19
0208_25,7
0208_26,19
0208_27,19
0208_28,16
0208_29,28
0208_30,30
0208_31,1
0208_32,30
0208_33,12
0208_34,16
0208_35,10
0208_36,10
0208_37,16
0208_38,30
0208_39,30
0208_40,31
0208_41,19
0208_42,19
0208_43,19
0208_44,30
0208_45,4
0208_46,10
0208_47,7
0208_48,7
0208_49,31
0208_50,31
0208_51,12
0208_52,16
0212_0,23
0212_1,31
0212_2,31
0212_3,23
0212_4,19
0212_5,31
0212_6,19
0212_7,20
0212_8,3
0212_9,28
0212_10,19
0212_11,4
0212_12,3
0212_13,13
0212_14,31
0212_15,30
0212_16,30
0212_17,31
0212_18,19
0212_19,30
0212_20,19
0212_21,19
0212_22,31
0212_23,31
0212_24,30
0212_25,31
0212_26,19
0212_27,19
0212_28,30
0212_29,31
0212_30,31
0212_31,11
0212_32,11
0212_33,11
0212_34,11
0212_35,22
0212_36,31
0212_37,17
0212_38,31
0212_39,8
0212_40,7
0212_41,31
0212_42,23
0212_43,31
0212_44,31
0212_45,23
0212_46,31
0212_47,23
0212_48,31
0212_49,23
0212_50,31
0212_51,23
0212_52,28
0212_53,19
0212_54,19
0212_55,31
0212_56,4
0212_57,3
0212_58,3
0212_59,8
0212_60,31
0212_61,31
0212_62,31
0212_63,22
0212_64,31
0212_65,31
0212_66,30
0212_67,31
0212_68,23
0212_69,31
0212_70,30
0212_71,31
0212_72,30
0212_73,31
0212_74,22
0212_75,22
0212_76,31
0212_77,25
0212_78,30
0212_79,30
0212_80,31
0212_81,31
0212_82,30
0213_0,23
0213_1,23
0213_2,7
0213_3,7
0213_4,12
0213_5,12
0213_6,23
0213_7,11
0213_8,7
0213_9,7
0213_10,31
0213_11,7
0213_12,31
0213_13,7
0213_14,31
0213_15,1
0213_16,31
0213_17,7
0213_18,31
0213_19,11
0213_20,7
0213_21,31
0213_22,31
0213_23,31
0213_24,31
0213_25,31
0213_26,31
0213_27,7
0213_28,31
0213_29,7
0213_30,31
0213_31,7
0213_32,31
0213_33,31
0213_34,7
0213_35,31
0213_36,7
0213_37,31
0213_38,7
0213_39,23
0213_40,27
0213_41,31
0213_42,31
0213_43,7
0213_44,31
0213_45,8
0213_46,7
0213_47,31
0220_0,28
0220_1,28
0220_2,7
0220_3,23
0220_4,31
0220_5,30
0220_6,31
0220_7,23
0220_8,30
0220_9,13
0220_10,19
0220_11,7
0220_12,23
0220_13,28
0220_14,20
0220_15,23
0220_16,19
0220_17,19
0220_18,1
0220_19,19
0220_20,31
0220_21,30
0220_22,19
0220_23,19
0220_24,31
0220_25,19
0220_26,28
0235_0,19
0235_1,7
0235_2,21
0235_3,31
0235_4,31
0235_5,3
0235_6,22
0235_7,31
0235_8,22
0235_9,31
0235_10,31
0235_11,22
0235_12,7
0235_13,22
0235_14,31
0235_15,3
0235_16,31
0235_17,31
0235_18,31
0235_19,22
0235_20,31
0235_21,31
0235_22,31
0235_23,31
0235_24,22
0235_25,31
0235_26,22
0235_27,31
0235_28,22
0235_29,22
0235_30,28
0235_31,31
0235_32,31
0235_33,31
0235_34,31
0235_35,31
0235_36,31
0235_37,22
0235_38,31
0235_39,22
0235_40,31
0235_41,31
0235_42,31
0235_43,31
0235_44,31
0235_45,31
0235_46,31
0235_47,31
0235_48,31
0235_49,22
0235_50,31
0235_51,31
0235_52,31
0235_53,31
0235_54,31
0235_55,22
0235_56,31
0235_57,31
0235_58,31
0235_59,22
0235_60,22
0235_61,19
0235_62,31
0235_63,22
0235_64,31
0235_65,22
0235_66,31
0235_67,31
0235_68,31
0235_69,22
0235_70,31
0235_71,19
0237_0,17
0237_1,23
0237_2,30
0237_3,19
0237_4,19
0237_5,31
0237_6,23
0237_7,23
0237_8,31
0237_9,23
0237_10,31
0237_11,23
0237_12,7
0237_13,23
0237_14,31
0237_15,23
0237_16,31
0237_17,23
0237_18,31
0237_19,7
0237_20,7
0237_21,7
0237_22,7
0237_23,23
0237_24,31
0237_25,23
0237_26,3
0237_27,31
0237_28,23
0237_29,30
0237_30,31
0237_31,30
0238_0,25
0238_1,25
0238_2,28
0238_3,28
0238_4,28
0238_5,21
0238_6,21
0238_7,21
0238_8,23
0238_9,28
0238_10,19
0238_11,31
0238_12,22
0238_13,28
0238_14,1
0238_15,22
0238_16,23
0238_17,28
0238_18,28
0238_19,28
0238_20,31
0238_21,23
0238_22,31
0238_23,1
0238_24,31
0238_25,20
0238_26,14
0238_27,19
0238_28,21
0238_29,30
0238_30,21
0238_31,28
0238_32,31
0238_33,20
0238_34,28
0238_35,20
0238_36,21
0241_0,21
0241_1,4
0241_2,31
0241_3,19
0241_4,31
0241_5,21
0241_6,7
0241_7,16
0241_8,31
0241_9,19
0241_10,17
0241_11,17
0241_12,19
0241_13,7
0241_14,19
0241_15,31
0241_16,28
0241_17,10
0241_18,19
0241_19,19
0241_20,31
0241_21,31
0241_22,31
0241_23,19
0241_24,31
0241_25,19
0241_26,31
0241_27,19
0241_28,19
0241_29,31
0241_30,4
0241_31,19
0241_32,31
0241_33,21
0241_34,19
0241_35,19
0241_36,31
0241_37,7
0241_38,19
0241_39,31
0241_40,31
0241_41,19
0241_42,19
0241_43,19
0241_44,19
0242_0,17
0242_1,19
0242_2,23
0242_3,12
0242_4,22
0242_5,7
0242_6,7
0242_7,31
0242_8,31
0242_9,7
0242_10,11
0242_11,28
0242_12,1
0242_13,30
0243_0,21
0243_1,22
0243_2,30
0243_3,30
0243_4,22
0243_5,30
0243_6,31
0243_7,30
0243_8,31
0243_9,30
0243_10,19
0243_11,19
0243_12,19
0243_13,31
0243_14,19
0243_15,22
0243_16,28
0243_17,30
0243_18,19
0243_19,31
0243_20,22
0243_21,28
0243_22,28
0243_23,28
0243_24,30
0243_25,31
0243_26,28
0243_27,30
0243_28,26
0244_0,23
0244_1,23
0244_2,19
0244_3,1
0244_4,10
0244_5,10
0244_6,10
0244_7,31
0244_8,10
0244_9,31
0244_10,10
0244_11,31
0244_12,10
0244_13,31
0244_14,19
0244_15,19
0262_0,19
0262_1,21
0262_2,19
0262_3,19
0262_4,31
0262_5,19
0262_6,30
0262_7,19
0262_8,21
0262_9,28
0262_10,30
0262_11,7
0262_12,21
0262_13,31
0262_14,28
0262_15,10
0262_16,7
0262_17,21
0262_18,21
0262_19,19
0262_20,10
0262_21,16
0262_22,20
0262_23,21
0262_24,7
0262_25,21
0262_26,7
0262_27,21
0274_0,23
0274_1,31
0274_2,22
0274_3,17
0274_4,22
0274_5,31
0274_6,22
0274_7,23
0274_8,22
0274_9,31
0274_10,22
0274_11,23
0274_12,7
0274_13,22
0274_14,31
0274_15,22
0274_16,31
0274_17,22
0274_18,31
0274_19,22
0274_20,31
0274_21,22
0274_22,23
0274_23,7
0274_24,22
0274_25,31
0274_26,28
0274_27,31
0274_28,31
0274_29,22
0274_30,31
0274_31,22
0274_32,31
0274_33,22
0274_34,31
0274_35,22
0274_36,23
0274_37,31
0274_38,22
0274_39,31
0274_40,22
0274_41,31
0274_42,1
0274_43,31
0274_44,22
0274_45,31
0274_46,23
0274_47,31
0274_48,22
0274_49,31
0274_50,22
0274_51,23
0274_52,8
0274_53,23
0274_54,22
0274_55,7
0274_56,22
0274_57,31
0274_58,22
0274_59,31
0274_60,22
0274_61,31
0274_62,31
0274_63,31
0274_64,22
0274_65,31
0274_66,22
0274_67,31
0274_68,22
0274_69,31
0274_70,22
0274_71,31
0274_72,31
0274_73,31
0274_74,22
0274_75,31
0274_76,28
0274_77,23
0274_78,31
0274_79,19
0280_0,19
0280_1,22
0280_2,31
0280_3,7
0280_4,22
0280_5,26
0280_6,23
0280_7,7
0280_8,31
0280_9,31
0280_10,1
0280_11,31
0280_12,22
0280_13,7
0280_14,22
0280_15,31
0280_16,22
0280_17,13
0280_18,10
0280_19,23
0280_20,31
0280_21,30
0280_22,31
0280_23,22
0280_24,7
0280_25,23
0280_26,7
0280_27,23
0280_28,7
0280_29,22
0280_30,28
0280_31,31
0280_32,30
0280_33,31
0280_34,22
0280_35,31
0280_36,30
0280_37,31
0280_38,1
0280_39,31
0280_40,10
0280_41,22
0280_42,28
0280_43,10
0280_44,22
0280_45,31
0280_46,31
0280_47,31
0280_48,1
0280_49,31
0280_50,30
0280_51,31
0280_52,10
0280_53,31
0280_54,22
0280_55,10
0280_56,31
0280_57,31
0280_58,1
0280_59,31
0280_60,30
0280_61,31
0280_62,31
0280_63,22
0280_64,13
0280_65,31
0280_66,30
0280_67,31
0280_68,22
0280_69,31
0280_70,1
0280_71,31
0280_72,30
0280_73,11
0280_74,31
0280_75,31
0280_76,31
0280_77,19
0280_78,7
0280_79,30
0280_80,31
0280_81,19
0280_82,31
0280_83,22
0280_84,19
0280_85,22
0280_86,7
0280_87,31
0280_88,19
0280_89,31
0280_90,30
0280_91,7
0280_92,30
0280_93,31
0280_94,30
0280_95,30
0280_96,22
0280_97,7
0280_98,19
0280_99,31
0280_100,22
0280_101,19
0280_102,31
0280_103,7
0280_104,31
0280_105,10
0280_106,22
0280_107,28
0280_108,10
0280_109,22
0280_110,19
0280_111,10
0280_112,22
0280_113,31
0280_114,22
0280_115,31
0280_116,30
0280_117,31
0280_118,31
0280_119,31
0280_120,22
0280_121,31
0280_122,10
0280_123,31
0292_0,10
0292_1,10
0292_2,28
0292_3,30
0292_4,19
0292_5,30
0292_6,28
0292_7,11
0292_8,7
0292_9,10
0292_10,31
0292_11,7
0292_12,31
0292_13,30
0292_14,31
0292_15,31
0292_16,30
0292_17,30
0292_18,30
0292_19,3
0292_20,10
0292_21,31
0292_22,10
0292_23,31
0292_24,31
0292_25,31
0292_26,31
0292_27,19
0292_28,11
0292_29,31
0292_30,30
0292_31,3
0292_32,3
0292_33,3
0292_34,30
0292_35,30
0292_36,10
0292_37,7
0292_38,3
0292_39,30
0292_40,28
0292_41,3
0292_42,7
0292_43,30
0303_0,21
0303_1,28
0303_2,21
0303_3,28
0303_4,7
0303_5,19
0303_6,21
0303_7,21
0303_8,19
0303_9,31
0303_10,31
0303_11,31
0303_12,3
0303_13,16
0303_14,28
0303_15,31
0303_16,28
0303_17,10
0303_18,31
0303_19,10
0303_20,21
0303_21,31
0303_22,31
0303_23,31
0303_24,31
0303_25,31
0303_26,31
0303_27,19
0303_28,28
0303_29,31
0303_30,28
0303_31,31
0303_32,19
0303_33,31
0303_34,31
0303_35,19
0303_36,21
0303_37,28
0303_38,28
0303_39,19
0303_40,28
0303_41,31
0303_42,19
0303_43,19
0303_44,19
0303_45,31
0303_46,31
0303_47,19
0303_48,19
0303_49,31
0303_50,31
0318_0,13
0318_1,23
0318_2,31
0318_3,31
0318_4,31
0318_5,31
0318_6,31
0318_7,31
0318_8,31
0318_9,31
0318_10,22
0318_11,31
0318_12,31
0318_13,23
0318_14,31
0318_15,31
0318_16,31
0318_17,22
0318_18,23
0318_19,31
0318_20,20
0318_21,31
0318_22,31
0318_23,22
0318_24,23
0318_25,31
0318_26,31
0318_27,22
0318_28,31
0318_29,31
0318_30,19
0318_31,23
0318_32,31
0318_33,31
0318_34,31
0318_35,31
0318_36,31
0318_37,31
0318_38,23
0318_39,7
0318_40,31
0318_41,31
0318_42,31
0318_43,31
0318_44,31
0318_45,31
0318_46,23
0318_47,31
0318_48,31
0318_49,31
0318_50,31
0318_51,31
0318_52,31
0318_53,31
0318_54,23
0318_55,31
0318_56,23
0318_57,4
0318_58,23
0318_59,31
0318_60,23
0318_61,31
0318_62,23
0318_63,31
0318_64,31
0318_65,31
0318_66,23
0318_67,31
0318_68,7
0318_69,23
0318_70,31
0318_71,23
0318_72,31
0318_73,31
0318_74,19
0318_75,23
0318_76,28
0318_77,19
0318_78,23
0318_79,31
0318_80,31
0318_81,7
0318_82,31
0318_83,31
0318_84,31
0318_85,31
0318_86,23
0318_87,31
0318_88,31
0318_89,31
0320_0,19
0320_1,19
0320_2,31
0320_3,19
0320_4,31
0320_5,31
0320_6,19
0320_7,19
0320_8,7
0320_9,31
0320_10,31
0320_11,31
0320_12,19
0320_13,19
0320_14,19
0320_15,7
0320_16,31
0320_17,30
0320_18,31
0320_19,31
0320_20,31
0320_21,31
0320_22,31
0320_23,19
0320_24,31
0320_25,31
0320_26,30
0320_27,31
0320_28,31
0320_29,22
0320_30,7
0320_31,31
0320_32,22
0320_33,19
0320_34,19
0320_35,19
0320_36,31
0320_37,19
0320_38,31
0320_39,31
0320_40,31
0320_41,31
0320_42,7
0320_43,31
0320_44,31
0320_45,31
0320_46,31
0320_47,7
0320_48,19
0320_49,31
0320_50,31
0320_51,31
0320_52,4
0320_53,31
0320_54,31
0320_55,31
0320_56,31
0320_57,19
0320_58,13
0320_59,31
0320_60,31
0320_61,31
0320_62,31
0322_0,14
0322_1,7
0322_2,7
0322_3,7
0322_4,1
0322_5,7
0322_6,19
0322_7,30
0322_8,31
0322_9,7
0322_10,21
0322_11,31
0322_12,31
0322_13,30
0322_14,31
0322_15,31
0322_16,31
0322_17,31
0322_18,31
0322_19,31
0322_20,21
0322_21,31
0322_22,31
0322_23,31
0322_24,30
0322_25,31
0322_26,19
0322_27,31
0322_28,31
0322_29,21
0322_30,31
0322_31,31
0322_32,7
0322_33,31
0322_34,30
0322_35,31
0322_36,21
0322_37,31
0322_38,31
0322_39,31
0322_40,31
0322_41,31
0322_42,21
0322_43,21
0322_44,31
0322_45,25
0322_46,31
0322_47,31
0322_48,21
0322_49,31
0322_50,31
0322_51,31
0322_52,31
0322_53,19
0322_54,31
0322_55,21
0322_56,31
0322_57,31
0322_58,31
0322_59,21
0322_60,21
0322_61,21
0322_62,21
0322_63,19
0322_64,31
0322_65,30
0322_66,31
0322_67,31
0322_68,31
0322_69,31
0322_70,31
0322_71,31
0322_72,31
0322_73,19
0322_74,31
0322_75,31
0322_76,31
0322_77,28
0322_78,31
0322_79,31
0322_80,21
0322_81,31
0322_82,21
0322_83,21
0322_84,19
0322_85,30
0322_86,31
0322_87,31
0322_88,31
0327_0,7
0327_1,22
0327_2,7
0327_3,7
0327_4,31
0327_5,25
0327_6,25
0327_7,25
0327_8,25
0327_9,31
0327_10,28
0327_11,23
0327_12,28
0327_13,28
0327_14,30
0327_15,19
0327_16,19
0327_17,19
0327_18,19
0327_19,19
0327_20,31
0327_21,23
0327_22,22
0327_23,30
0327_24,25
0327_25,31
0327_26,23
0327_27,23
0327_28,19
0327_29,3
0327_30,23
0327_31,28
0327_32,23
0327_33,31
0327_34,28
0327_35,31
0327_36,31
0327_37,19
0327_38,13
0329_0,28
0329_1,28
0329_2,28
0329_3,31
0329_4,31
0329_5,31
0329_6,28
0329_7,19
0329_8,19
0329_9,28
0329_10,28
0329_11,31
0329_12,7
0329_13,31
0329_14,30
0329_15,28
0329_16,28
0329_17,1
0329_18,31
0329_19,31
0329_20,31
0329_21,31
0329_22,31
0329_23,31
0329_24,31
0329_25,30
0329_26,30
0329_27,28
0329_28,31
0329_29,31
0329_30,31
0329_31,31
0329_32,31
0329_33,31
0329_34,31
0329_35,28
0329_36,31
0329_37,31
0329_38,31
0329_39,31
0329_40,31
0329_41,31
0329_42,31
0329_43,31
0346_0,2
0346_1,23
0346_2,7
0346_3,23
0346_4,22
0346_5,23
0346_6,23
0346_7,22
0346_8,7
0346_9,22
0346_10,23
0346_11,31
0346_12,31
0346_13,23
0346_14,28
0346_15,19
0346_16,30
0346_17,31
0346_18,31
0346_19,22
0346_20,31
0346_21,25
0346_22,12
0346_23,19
0346_24,30
0346_25,28
0346_26,30
0346_27,31
0346_28,31
0346_29,31
0346_30,31
0346_31,31
0346_32,22
0346_33,31
0346_34,22
0346_35,31
0346_36,31
0346_37,31
0346_38,16
0346_39,7
0346_40,30
0346_41,22
0346_42,30
0346_43,31
0346_44,22
0346_45,23
0346_46,23
0346_47,31
0346_48,31
0346_49,31
0346_50,25
0346_51,31
0346_52,31
0346_53,31
0346_54,31
0346_55,31
0346_56,31
0346_57,19
0346_58,23
0346_59,19
0346_60,30
0346_61,28
0346_62,30
0346_63,31
0346_64,31
0346_65,28
0346_66,31
0346_67,31
0346_68,31
0346_69,31
0346_70,28
0346_71,31
0346_72,31
0346_73,30
0346_74,12
0346_75,23
0346_76,7
0346_77,31
0346_78,31
0346_79,31
0346_80,31
0346_81,31
0346_82,31
0346_83,31
0346_84,30
0346_85,23
0346_86,31
0346_87,31
0346_88,31
0346_89,30
0346_90,31
0346_91,31
0346_92,30
0346_93,31
0346_94,31
0346_95,28
0346_96,31
0346_97,31
0346_98,31
0346_99,16
0346_100,28
0346_101,7
0346_102,31
0346_103,31
0346_104,31
0346_105,31
0346_106,30
0346_107,31
0349_0,23
0349_1,31
0349_2,30
0349_3,31
0349_4,31
0349_5,7
0349_6,23
0349_7,28
0349_8,31
0349_9,31
0349_10,31
0349_11,31
0349_12,31
0349_13,31
0349_14,31
0349_15,31
0349_16,22
0349_17,31
0349_18,31
0349_19,31
0349_20,31
0349_21,10
0349_22,7
0349_23,2
0349_24,7
0349_25,2
0349_26,7
0349_27,10
0349_28,23
0349_29,31
0349_30,31
0349_31,30
0349_32,31
0349_33,31
0349_34,31
0349_35,31
0349_36,30
0349_37,31
0349_38,30
0349_39,30
0349_40,31
0349_41,22
0349_42,31
0349_43,16
0349_44,31
0349_45,28
0349_46,31
0349_47,23
0349_48,31
0349_49,31
0349_50,31
0349_51,28
0349_52,30
0349_53,31
0349_54,31
0349_55,31
0349_56,31
0349_57,7
0349_58,2
0349_59,7
0349_60,7
0349_61,31
0349_62,31
0349_63,31
0349_64,19
0349_65,31
0349_66,7
0349_67,31
0349_68,31
0349_69,31
0349_70,31
0349_71,30
0349_72,31
0349_73,30
0349_74,7
0349_75,31
0349_76,7
0349_77,23
0349_78,22
0349_79,31
0349_80,30
0349_81,30
0349_82,30
0349_83,30
0349_84,31
0349_85,30
0349_86,30
0355_0,21
0355_1,23
0355_2,22
0355_3,31
0355_4,31
0355_5,31
0355_6,22
0355_7,31
0355_8,31
0355_9,31
0355_10,31
0355_11,28
0355_12,31
0355_13,31
0355_14,19
0355_15,31
0355_16,30
0355_17,3
0355_18,23
0355_19,22
0355_20,31
0355_21,31
0355_22,31
0355_23,31
0355_24,31
0355_25,31
0355_26,22
0355_27,22
0355_28,31
0355_29,31
0355_30,31
0355_31,31
0355_32,31
0355_33,31
0355_34,7
0355_35,19
0355_36,28
0355_37,30
0355_38,31
0355_39,31
0355_40,31
0355_41,31
0355_42,23
0355_43,31
0355_44,19
0355_45,31
0355_46,23
0355_47,31
0355_48,31
0355_49,31
0355_50,31
0355_51,22
0355_52,22
0355_53,31
0355_54,30
0355_55,30
0355_56,31
0355_57,31
0355_58,31
0355_59,22
0355_60,10
0355_61,22
0355_62,28
0355_63,31
0368_0,31
0368_1,14
0368_2,31
0368_3,31
0368_4,22
0368_5,31
0368_6,31
0368_7,31
0368_8,31
0368_9,31
0368_10,31
0368_11,22
0368_12,31
0368_13,31
0368_14,28
0368_15,31
0368_16,31
0368_17,31
0368_18,22
0368_19,22
0368_20,31
0368_21,22
0368_22,31
0368_23,31
0368_24,31
0368_25,22
0368_26,22
0368_27,19
0368_28,31
0368_29,31
0368_30,31
0368_31,28
0368_32,31
0368_33,31
0368_34,31
0368_35,23
0368_36,31
0368_37,31
0368_38,31
0368_39,31
0368_40,31
0368_41,23
0368_42,31
0368_43,31
0368_44,28
0368_45,31
0368_46,22
0368_47,7
0368_48,31
0368_49,31
0368_50,31
0368_51,22
0368_52,19
0368_53,31
0368_54,28
0368_55,31
0368_56,31
0368_57,25
0368_58,28
0368_59,31
0368_60,25
0368_61,31
0368_62,28
0368_63,31
0368_64,25
0368_65,31
0368_66,21
0368_67,31
0368_68,22
0368_69,31
0368_70,31
0368_71,23
0368_72,31
0368_73,31
0368_74,22
0368_75,22
0368_76,23
0371_0,19
0371_1,19
0371_2,16
0371_3,28
0371_4,30
0371_5,20
0371_6,19
0371_7,16
0371_8,28
0371_9,28
0371_10,28
0371_11,30
0371_12,28
0371_13,28
0371_14,7
0371_15,31
0371_16,30
0371_17,7
0371_18,21
0371_19,30
0371_20,31
0371_21,28
0371_22,30
0371_23,31
0371_24,31
0371_25,31
0371_26,19
0371_27,30
0371_28,31
0371_29,28
0371_30,31
0371_31,31
0375_0,12
0375_1,12
0375_2,23
0375_3,28
0375_4,30
0375_5,31
0375_6,23
0375_7,22
0375_8,31
0375_9,28
0375_10,31
0375_11,28
0375_12,31
0375_13,31
0375_14,31
0375_15,25
0375_16,30
0378_0,26
0378_1,7
0378_2,7
0378_3,16
0378_4,17
0378_5,16
0378_6,7
0378_7,1
0378_8,21
0378_9,31
0378_10,31
0378_11,7
0378_12,10
0378_13,11
0378_14,7
0378_15,10
0378_16,10
0378_17,10
0378_18,10
0378_19,22
0378_20,23
0378_21,23
0378_22,22
0378_23,31
0378_24,23
0378_25,7
0378_26,31
0378_27,10
0378_28,31
0378_29,10
0378_30,16
0378_31,3
0378_32,31
0378_33,10
0378_34,31
0378_35,10
0378_36,31
0378_37,31
0378_38,10
0378_39,10
0378_40,7
0378_41,10
0378_42,10
0378_43,31
0378_44,10
0378_45,17
0378_46,25
0378_47,22
0378_48,31
0378_49,31
0378_50,31
0378_51,31
0378_52,31
0378_53,31
0378_54,31
0378_55,31
0378_56,31
0378_57,31
0378_58,31
0378_59,22
0378_60,31
0378_61,31
0378_62,7
0378_63,31
0378_64,31
0378_65,31
0378_66,31
0378_67,31
0378_68,31
0378_69,10
0378_70,10
0378_71,10
0378_72,10
0378_73,10
0378_74,23
0378_75,7
0378_76,31
0378_77,7
0378_78,22
0378_79,31
0378_80,4
0378_81,31
0378_82,10
0378_83,10
0378_84,31
0378_85,10
0378_86,10
0378_87,17
0378_88,25
0378_89,31
0378_90,31
0378_91,19
0378_92,19
0378_93,21
0378_94,31
0378_95,16
0378_96,31
0378_97,19
0378_98,31
0378_99,31
0378_100,31
0378_101,23
0378_102,31
0378_103,22
0380_0,23
0380_1,10
0380_2,7
0380_3,31
0380_4,22
0380_5,22
0380_6,7
0380_7,31
0380_8,22
0380_9,23
0380_10,23
0380_11,22
0380_12,31
0380_13,22
0380_14,23
0380_15,22
0380_16,22
0380_17,16
0380_18,7
0380_19,16
0380_20,30
0380_21,23
0380_22,31
0380_23,22
0380_24,7
0380_25,23
0380_26,22
0380_27,23
0380_28,23
0380_29,23
0380_30,31
0380_31,31
0380_32,31
0380_33,31
0380_34,3
0380_35,31
0380_36,22
0380_37,31
0380_38,31
0380_39,31
0380_40,22
0380_41,22
0380_42,22
0380_43,31
0380_44,22
0380_45,23
0380_46,31
0380_47,23
0380_48,16
0380_49,31
0380_50,28
0380_51,31
0385_0,17
0385_1,21
0385_2,7
0385_3,16
0385_4,22
0385_5,23
0385_6,22
0385_7,10
0385_8,10
0385_9,7
0385_10,31
0385_11,22
0385_12,31
0385_13,23
0385_14,31
0385_15,31
0385_16,22
0385_17,23
0385_18,23
0385_19,31
0385_20,31
0385_21,23
0385_22,31
0385_23,17
0385_24,10
0385_25,22
0385_26,23
0385_27,23
0385_28,31
0385_29,23
0385_30,31
0385_31,31
0385_32,31
0385_33,31
0385_34,23
0385_35,16
0385_36,19
0385_37,30
0385_38,19
0385_39,19
0385_40,4
0385_41,31
0385_42,31
0385_43,30
0385_44,31
0385_45,19
0385_46,7
0385_47,10
0385_48,10
0385_49,10
0385_50,10
0385_51,7
0385_52,16
0385_53,31
0385_54,31
0385_55,31
0385_56,28
0385_57,31
0385_58,31
0385_59,31
0385_60,31
0385_61,31
0385_62,19
0385_63,7
0385_64,7
0385_65,10
0385_66,31
0385_67,10
0385_68,7
0385_69,10
0385_70,10
0385_71,16
0385_72,31
0385_73,31
0385_74,7
0385_75,10
0385_76,10
0385_77,16
0396_0,19
0396_1,31
0396_2,31
0396_3,31
0396_4,19
0396_5,31
0396_6,31
0396_7,31
0396_8,31
0396_9,17
0396_10,19
0396_11,31
0396_12,31
0396_13,31
0396_14,31
0396_15,31
0396_16,31
0396_17,30
0396_18,31
0396_19,31
0396_20,31
0396_21,16
0396_22,30
0396_23,19
0396_24,19
0396_25,31
0396_26,31
0396_27,31
0396_28,31
0396_29,19
0396_30,31
0396_31,31
0396_32,31
0396_33,31
0396_34,31
0396_35,31
0396_36,7
0396_37,31
0406_0,12
0406_1,1
0406_2,17
0406_3,25
0406_4,19
0406_5,3
0406_6,31
0406_7,31
0406_8,22
0406_9,31
0406_10,12
0406_11,7
0406_12,7
0406_13,3
0406_14,28
0406_15,22
0406_16,31
0406_17,31
0406_18,7
0406_19,31
0406_20,23
0406_21,31
0406_22,22
0406_23,31
0406_24,31
0406_25,31
0406_26,23
0406_27,31
0406_28,25
0406_29,31
0406_30,31
0406_31,31
0406_32,7
0406_33,31
0406_34,12
0406_35,31
0406_36,31
0406_37,31
0406_38,31
0406_39,31
0406_40,7
0406_41,31
0406_42,31
0406_43,12
0406_44,22
0406_45,22
0406_46,7
0406_47,7
0406_48,23
0406_49,31
0406_50,23
0406_51,22
0406_52,31
0406_53,31
0406_54,31
0406_55,23
0406_56,31
0406_57,1
0406_58,31
0406_59,12
0406_60,31
0406_61,31
0406_62,31
0406_63,19
0406_64,28
0406_65,19
0406_66,16
0406_67,31
0406_68,31
0406_69,31
0406_70,12
0406_71,22
0406_72,31
0406_73,31
0406_74,31
0406_75,3
0406_76,31
0406_77,19
0406_78,17
0406_79,31
0406_80,28
0406_81,20
0406_82,28
0406_83,3
0406_84,31
0406_85,31
0406_86,28
0406_87,12
0406_88,31
0406_89,7
0406_90,19
0406_91,31
0406_92,31
0406_93,31
0406_94,11
0406_95,12
0406_96,30
0406_97,20
0406_98,7
0406_99,31
0406_100,3
0406_101,12
0406_102,12
0406_103,31
0406_104,3
0406_105,31
0410_0,22
0410_1,16
0410_2,10
0410_3,16
0410_4,28
0410_5,28
0410_6,23
0410_7,28
0410_8,31
0410_9,16
0410_10,10
0410_11,10
0410_12,16
0410_13,31
0410_14,31
0410_15,31
0410_16,30
0410_17,31
0410_18,30
0410_19,22
0410_20,11
0410_21,31
0410_22,11
0410_23,7
0410_24,7
0410_25,10
0410_26,7
0410_27,10
0410_28,7
0410_29,7
0410_30,31
0410_31,31
0410_32,28
0410_33,31
0410_34,28
0410_35,7
0410_36,31
0410_37,7
0410_38,31
0410_39,31
0410_40,31
0410_41,31
0410_42,28
0410_43,31
0410_44,30
0410_45,31
0410_46,31
0410_47,28
0410_48,31
0410_49,31
0410_50,28
0410_51,7
0410_52,10
0410_53,7
0410_54,31
0410_55,30
0410_56,30
0410_57,31
0410_58,31
0410_59,30
0410_60,30
0410_61,28
0410_62,30
0410_63,31
0410_64,31
0410_65,30
0410_66,30
0411_0,10
0411_1,10
0411_2,31
0411_3,30
0411_4,7
0411_5,30
0411_6,19
0411_7,7
0411_8,31
0411_9,31
0411_10,30
0413_0,21
0413_1,7
0413_2,31
0413_3,19
0413_4,31
0413_5,31
0413_6,19
0413_7,19
0413_8,10
0413_9,21
0413_10,7
0413_11,19
0413_12,31
0413_13,19
0413_14,10
0413_15,19
0413_16,31
0413_17,31
0413_18,31
0413_19,19
0413_20,10
0413_21,31
0413_22,19
0413_23,31
0413_24,10
0413_25,31
0413_26,30
0413_27,19
0413_28,10
0413_29,19
0413_30,19
0413_31,7
0413_32,31
0413_33,10
0413_34,19
0413_35,31
0413_36,31
0413_37,31
0413_38,31
0413_39,19
0413_40,31
0413_41,31
0413_42,19
0414_0,8
0414_1,31
0414_2,8
0414_3,31
0414_4,7
0414_5,31
0414_6,31
0414_7,31
0414_8,17
0414_9,3
0414_10,31
0414_11,8
0414_12,8
0414_13,31
0414_14,31
0414_15,22
0414_16,25
0414_17,10
0414_18,30
0414_19,31
0414_20,31
0414_21,31
0414_22,31
0414_23,31
0414_24,30
0414_25,31
0414_26,31
0414_27,31
0415_0,7
0415_1,21
0415_2,30
0415_3,31
0415_4,30
0415_5,7
0415_6,7
0415_7,31
0415_8,31
0415_9,30
0415_10,19
0415_11,31
0415_12,30
0415_13,30
0415_14,31
0415_15,30
0415_16,28
0415_17,31
0415_18,31
0415_19,31
0415_20,28
0415_21,7
0415_22,31
0415_23,31
0415_24,21
0415_25,28
0415_26,31
0415_27,28
0415_28,19
0415_29,19
0415_30,30
0415_31,30
0415_32,28
0415_33,21
0415_34,31
0415_35,28
0415_36,21
0415_37,31
0415_38,31
0415_39,31
0415_40,31
0415_41,31
0415_42,30
0415_43,1
0415_44,30
0415_45,31
0415_46,28
0415_47,17
0415_48,10
0415_49,10
0415_50,10
0415_51,28
0415_52,10
0415_53,10
0415_54,10
0415_55,30
0415_56,10
0415_57,10
0415_58,10
0416_0,19
0416_1,19
0416_2,31
0416_3,19
0416_4,30
0416_5,28
0416_6,30
0416_7,31
0416_8,30
0416_9,30
0416_10,19
0416_11,30
0416_12,30
0416_13,30
0416_14,31
0416_15,30
0416_16,28
0416_17,31
0417_0,13
0417_1,10
0417_2,23
0417_3,23
0417_4,16
0417_5,21
0417_6,1
0417_7,31
0417_8,31
0417_9,1
0417_10,31
0417_11,19
0417_12,31
0417_13,21
0417_14,31
0417_15,7
0417_16,16
0417_17,4
0417_18,31
0417_19,31
0417_20,31
0417_21,31
0417_22,10
0417_23,10
0417_24,10
0417_25,10
0417_26,10
0417_27,7
0417_28,31
0417_29,31
0417_30,31
0417_31,30
0417_32,31
0417_33,7
0417_34,31
0417_35,10
0417_36,31
0417_37,28
0417_38,7
0417_39,10
0417_40,10
0417_41,31
0417_42,10
0417_43,10
0417_44,16
0417_45,31
0417_46,31
0417_47,21
0417_48,31
0417_49,3
0417_50,7
0417_51,7
0417_52,8
0417_53,10
0417_54,10
0421_0,7
0421_1,12
0421_2,31
0421_3,31
0421_4,31
0421_5,19
0421_6,19
0421_7,21
0421_8,19
0421_9,16
0421_10,16
0421_11,31
0421_12,31
0421_13,21
0421_14,7
0421_15,31
0421_16,31
0421_17,31
0421_18,3
0421_19,31
0421_20,31
0421_21,31
0421_22,31
0421_23,16
0421_24,16
0421_25,31
0421_26,31
0421_27,16
0421_28,19
0421_29,31
0421_30,16
0421_31,31
0421_32,31
0421_33,31
0421_34,16
0421_35,31
0421_36,16
0421_37,31
0421_38,30
0421_39,19
0421_40,31
0421_41,31
0421_42,31
0421_43,16
0421_44,31
0421_45,31
0421_46,31
0421_47,19
0421_48,31
0421_49,19
0421_50,19
0421_51,21
0421_52,31
0421_53,19
0421_54,19
0421_55,19
0421_56,31
0421_57,21
0421_58,31
0421_59,31
0421_60,31
0421_61,31
0421_62,31
0421_63,31
0421_64,31
0421_65,31
0421_66,31
0421_67,31
0421_68,31
0421_69,31
0421_70,21
0421_71,31
0421_72,31
0421_73,31
0421_74,30
0421_75,31
0421_76,31
0421_77,16
0421_78,31
0421_79,31
0421_80,31
0421_81,31
0421_82,31
0421_83,31
0421_84,30
0421_85,31
0421_86,30
0421_87,31
0421_88,30
0423_0,17
0423_1,16
0423_2,30
0423_3,7
0423_4,31
0423_5,16
0423_6,30
0423_7,31
0423_8,31
0423_9,30
0423_10,30
0423_11,31
0423_12,23
0423_13,31
0423_14,23
0423_15,31
0423_16,31
0423_17,23
0423_18,31
0423_19,31
0423_20,31
0423_21,22
0423_22,31
0423_23,22
0423_24,31
0423_25,31
0423_26,7
0423_27,31
0423_28,30
0423_29,31
0424_0,30
0424_1,30
0424_2,7
0424_3,16
0424_4,16
0424_5,28
0424_6,19
0424_7,7
0424_8,16
0424_9,7
0425_0,3
0425_1,31
0425_2,19
0425_3,20
0425_4,31
0425_5,31
0425_6,30
0425_7,20
0425_8,31
0425_9,20
0425_10,28
0425_11,31
0425_12,31
0425_13,31
0425_14,3
0425_15,30
0425_16,30
0425_17,28
0425_18,1
0425_19,28
0425_20,17
0425_21,1
0425_22,31
0425_23,19
0425_24,28
0425_25,31
0425_26,31
0425_27,31
0425_28,31
0425_29,19
0425_30,30
0425_31,20
0425_32,31
0425_33,31
0425_34,31
0425_35,31
0425_36,19
0425_37,25
0425_38,31
0425_39,28
0425_40,31
0425_41,31
0425_42,19
0425_43,19
0425_44,31
0425_45,7
0425_46,31
0425_47,23
0425_48,31
0428_0,19
0428_1,12
0428_2,31
0428_3,17
0428_4,17
0428_5,30
0428_6,30
0428_7,3
0428_8,30
0428_9,31
0428_10,31
0428_11,30
0428_12,30
0429_0,19
0429_1,3
0429_2,13
0429_3,17
0429_4,7
0429_5,10
0429_6,11
0429_7,16
0429_8,30
0429_9,30
0429_10,30
0429_11,30
0429_12,28
0429_13,30
0429_14,30
0429_15,30
0429_16,8
0429_17,7
0429_18,10
0429_19,31
0429_20,7
0429_21,31
0429_22,7
0429_23,31
0429_24,8
0429_25,31
0429_26,8
0429_27,31
0429_28,8
0429_29,31
0429_30,11
0429_31,30
0429_32,30
0429_33,28
0429_34,10
0429_35,8
0429_36,31
0429_37,7
0429_38,31
0429_39,8
0429_40,7
0429_41,30
0429_42,31
0429_43,7
0429_44,16
0429_45,7
0429_46,10
0429_47,7
0429_48,8
0429_49,31
0429_50,31
0429_51,31
0429_52,7
0429_53,31
0429_54,7
0429_55,31
0429_56,7
0429_57,7
0429_58,7
0429_59,30
0429_60,8
0429_61,31
0429_62,7
0429_63,31
0429_64,7
0429_65,17
0429_66,19
0429_67,30
0429_68,20
0429_69,7
0429_70,31
0429_71,31
0429_72,7
0429_73,30
0429_74,7
0429_75,30
0429_76,30
0429_77,31
0429_78,7
0429_79,19
0429_80,31
0429_81,7
0429_82,31
0429_83,8
0429_84,31
0429_85,7
0429_86,10
0429_87,31
0429_88,8
0429_89,31
0429_90,31
0429_91,10
0429_92,10
0429_93,7
0429_94,31
0429_95,31
0429_96,31
0429_97,31
0429_98,31
0429_99,31
0429_100,31
0429_101,7
0429_102,7
0429_103,31
0429_104,7
0429_105,31
0429_106,22
0429_107,31
0429_108,31
0429_109,30
0429_110,31
0429_111,31
0429_112,31
0429_113,31
0429_114,22
0429_115,31
0429_116,23
0429_117,23
0429_118,22
0429_119,7
0429_120,31
0429_121,31
0429_122,30
0429_123,31
0429_124,25
0429_125,31
0429_126,30
0429_127,8
0429_128,31
0429_129,31
0429_130,31
0429_131,31
0429_132,31
0429_133,31
0429_134,28
0429_135,25
0429_136,31
0429_137,25
0429_138,19
0429_139,19
0429_140,31
0429_141,23
0429_142,31
0429_143,25
0429_144,30
0429_145,30
0429_146,25
0429_147,31
0429_148,31
0429_149,22
0429_150,7
0429_151,25
0429_152,31
0429_153,22
0429_154,31
0429_155,31
0429_156,22
0429_157,31
0429_158,31
0429_159,5
0429_160,7
0429_161,23
0429_162,31
0429_163,31
0429_164,31
0429_165,31
0429_166,22
0429_167,20
0429_168,22
0429_169,22
0429_170,25
0429_171,25
0429_172,31
0429_173,31
0429_174,31
0429_175,31
0429_176,31
0429_177,31
0429_178,31
0429_179,31
0429_180,28
0429_181,22
0429_182,31
0429_183,31
0429_184,31
0429_185,31
0429_186,31
0429_187,31
0429_188,25
0429_189,19
0429_190,31
0429_191,25
0429_192,31
0429_193,22
0429_194,30
0429_195,31
0429_196,23
0431_0,31
0431_1,3
0431_2,7
0431_3,23
0431_4,22
0431_5,31
0431_6,23
0431_7,23
0431_8,23
0431_9,22
0431_10,23
0431_11,31
0431_12,31
0431_13,23
0431_14,30
0431_15,30
0431_16,23
0431_17,22
0431_18,23
0431_19,31
0431_20,22
0431_21,30
0431_22,22
0431_23,22
0431_24,23
0431_25,30
0431_26,23
0431_27,23
0431_28,22
0431_29,23
0431_30,22
0431_31,22
0431_32,23
0431_33,22
0431_34,22
0431_35,31
0431_36,23
0431_37,23
0436_0,19
0436_1,21
0436_2,28
0436_3,19
0436_4,3
0436_5,30
0436_6,31
0436_7,30
0436_8,30
0436_9,31
0436_10,30
0436_11,30
0436_12,1
0436_13,30
0436_14,30
0436_15,21
0436_16,31
0436_17,20
0436_18,30
0436_19,31
0436_20,30
0436_21,28
0436_22,30
0437_0,28
0437_1,1
0437_2,31
0437_3,31
0437_4,1
0437_5,1
0437_6,1
0437_7,1
0437_8,28
0437_9,7
0437_10,7
0437_11,7
0437_12,30
0437_13,30
0437_14,28
0437_15,16
0437_16,19
0437_17,28
0437_18,28
0437_19,28
0437_20,1
0437_21,1
0437_22,7
0437_23,7
0437_24,30
0437_25,28
0437_26,30
0437_27,31
0437_28,1
0437_29,1
0437_30,28
0437_31,30
0437_32,1
0437_33,1
0437_34,28
0437_35,30
0437_36,1
0437_37,1
0437_38,30
0437_39,30
0437_40,1
0437_41,19
0438_0,19
0438_1,30
0438_2,30
0438_3,3
0438_4,28
0438_5,30
0438_6,30
0438_7,19
0438_8,30
0438_9,28
0438_10,30
0438_11,19
0438_12,28
0438_13,28
0438_14,28
0438_15,28
0438_16,30
0438_17,28
0438_18,30
0438_19,30
0438_20,19
0438_21,19
0438_22,1
0438_23,30
0438_24,20
0438_25,30
0438_26,19
0438_27,30
0438_28,14
0438_29,31
0438_30,19
0438_31,19
0438_32,30
0438_33,30
0438_34,30
0438_35,19
0438_36,30
0439_0,10
0439_1,31
0439_2,10
0439_3,10
0439_4,10
0439_5,7
0439_6,10
0439_7,10
0439_8,10
0439_9,10
0439_10,7
0439_11,1
0439_12,28
0439_13,10
0439_14,28
0439_15,10
0439_16,28
0439_17,21
0439_18,16
0439_19,31
0439_20,31
0439_21,28
0439_22,10
0439_23,28
0439_24,10
0439_25,28
0439_26,1
0440_0,31
0440_1,20
0440_2,31
0440_3,28
0440_4,31
0440_5,1
0441_0,19
0441_1,31
0441_2,8
0441_3,19
0441_4,30
0441_5,31
0441_6,1
0441_7,7
0441_8,31
0442_0,28
0442_1,30
0442_2,30
0442_3,30
0442_4,30
0442_5,30
0442_6,30
0442_7,28
0442_8,30
0442_9,30
0442_10,30
0442_11,30
0442_12,28
0442_13,31
0442_14,31
0442_15,30
0442_16,19
0442_17,25
0442_18,23
0442_19,31
0442_20,23
0442_21,31
0442_22,22
0442_23,31
0442_24,25
0442_25,25
0442_26,31
0443_0,7
0443_1,3
0443_2,7
0443_3,10
0443_4,7
0443_5,25
0443_6,7
0443_7,10
0443_8,31
0443_9,10
0443_10,31
0443_11,7
0443_12,7
0443_13,10
0443_14,31
0443_15,31
0443_16,31
0443_17,31
0443_18,25
0443_19,25
0443_20,31
0443_21,31
0443_22,31
0443_23,22
0443_24,25
0443_25,31
0443_26,31
0443_27,25
0443_28,7
0443_29,7
0443_30,3
0443_31,25
0443_32,31
0443_33,22
0443_34,22
0443_35,22
0443_36,30
0443_37,31
0443_38,7
0443_39,31
0443_40,22
0443_41,31
0443_42,22
0443_43,31
0443_44,22
0443_45,31
0443_46,31
0443_47,31
0443_48,22
0443_49,22
0443_50,3
0443_51,25
0443_52,31
0443_53,22
0443_54,31
0443_55,31
0443_56,31
0443_57,7
0443_58,31
0443_59,10
0443_60,31
0443_61,7
0443_62,16
0443_63,25
0443_64,25
0443_65,7
0443_66,25
0443_67,30
0443_68,31
0443_69,25
0443_70,31
0443_71,25
0443_72,31
0443_73,25
0443_74,31
0443_75,25
0443_76,31
0443_77,31
0443_78,31
0443_79,25
0443_80,7
0443_81,10
0443_82,25
0443_83,25
0443_84,25
0443_85,22
0443_86,25
0443_87,7
0444_0,19
0444_1,31
0444_2,28
0444_3,31
0444_4,31
0444_5,30
0444_6,19
0444_7,30
0444_8,30
0444_9,19
0444_10,19
0444_11,31
0444_12,31
0444_13,31
0444_14,31
0444_15,23
0444_16,30
0444_17,31
0444_18,30
0444_19,30
0444_20,31
0444_21,31
0444_22,30
0444_23,30
0444_24,31
0444_25,31
0445_0,7
0445_1,7
0445_2,31
0445_3,10
0445_4,31
0445_5,10
0445_6,7
0445_7,31
0445_8,7
0445_9,11
0445_10,13
0445_11,31
0445_12,10
0445_13,7
0445_14,8
0445_15,7
0445_16,7
0445_17,8
0445_18,31
0445_19,7
0445_20,7
0445_21,10
0445_22,10
0445_23,10
0445_24,23
0445_25,31
0445_26,22
0445_27,31
0445_28,23
0445_29,31
0445_30,31
0445_31,10
0445_32,10
0445_33,10
0445_34,10
0445_35,21
0445_36,31
0445_37,31
0445_38,7
0445_39,31
0446_0,19
0446_1,31
0446_2,31
0446_3,31
0446_4,31
0446_5,31
0446_6,31
0446_7,28
0446_8,25
0446_9,31
0446_10,31
0446_11,31
0446_12,21
0446_13,21
0446_14,31
0446_15,31
0446_16,31
0446_17,31
0446_18,31
0446_19,16
0446_20,31
0446_21,31
0446_22,31
0446_23,21
0446_24,31
0446_25,31
0446_26,31
0447_0,19
0447_1,19
0447_2,7
0447_3,16
0447_4,30
0447_5,30
0447_6,30
0447_7,19
0447_8,16
0447_9,16
0447_10,31
0447_11,19
0447_12,31
0447_13,31
0447_14,19
0447_15,19
0447_16,31
0447_17,31
0447_18,16
0447_19,31
0447_20,19
0447_21,31
0447_22,19
0447_23,28
0447_24,31
0447_25,30
0447_26,30
0447_27,31
0447_28,31
0447_29,31
0447_30,21
0447_31,30
0447_32,31
0447_33,31
0447_34,7
0447_35,31
0447_36,31
0447_37,19
0447_38,31
0447_39,19
0447_40,31
0447_41,30
0448_0,19
0448_1,7
0448_2,17
0448_3,25
0448_4,30
0448_5,25
0448_6,25
0448_7,22
0448_8,30
0448_9,30
0448_10,25
0448_11,30
0448_12,30
0448_13,30
0448_14,25
0448_15,25
0448_16,25
0448_17,30
0448_18,8
0448_19,25
0448_20,31
0448_21,30
0448_22,31
0448_23,31
0448_24,31
0448_25,30
0448_26,25
0448_27,30
0448_28,31
0448_29,31
0448_30,30
0448_31,22
0448_32,31
0448_33,31
0448_34,25
0448_35,30
0448_36,31
0448_37,30
0448_38,30
0448_39,22
0448_40,25
0448_41,30
0448_42,25
0448_43,30
0448_44,25
0448_45,30
0448_46,30
0448_47,25
0448_48,28
0448_49,25
0448_50,30
0448_51,30
0448_52,30
0448_53,25
0448_54,30
0448_55,25
0448_56,31
0448_57,31
0448_58,25
0448_59,31
0448_60,30
0448_61,31
0448_62,30
0448_63,25
0448_64,30
0448_65,25
0448_66,31
0448_67,31
0448_68,30
0448_69,30
0448_70,30
0448_71,31
0448_72,22
0448_73,22
0448_74,30
0448_75,31
0448_76,31
0448_77,22
0448_78,30
0448_79,30
0448_80,30
0449_0,7
0449_1,7
0449_2,31
0449_3,31
0449_4,31
0449_5,31
0449_6,30
0449_7,31
0449_8,31
0450_0,19
0450_1,31
0450_2,19
0450_3,10
0450_4,10
0450_5,22
0450_6,30
0450_7,30
0450_8,31
0450_9,28
0450_10,19
0450_11,22
0450_12,22
0450_13,7
0450_14,1
0450_15,1
0450_16,1
0450_17,1
0450_18,1
0450_19,1
0450_20,22
0450_21,31
0450_22,22
0450_23,30
0450_24,23
0450_25,22
0450_26,22
0450_27,22
0450_28,19
0450_29,31
0450_30,31
0450_31,31
0450_32,22
0450_33,28
0450_34,22
0450_35,30
0450_36,31
0450_37,22
0450_38,31
0450_39,31
0450_40,31
0450_41,22
0450_42,31
0450_43,19
0450_44,22
0450_45,28
0450_46,25
0450_47,25
0450_48,25
0450_49,25
0450_50,1
0450_51,22
0450_52,31
0450_53,22
0450_54,22
0450_55,31
0450_56,22
0450_57,22
0450_58,22
0450_59,30
0450_60,30
0450_61,22
0450_62,30
0450_63,10
0450_64,22
0450_65,22
0450_66,30
0450_67,28
0450_68,22
0450_69,22
0450_70,31
0450_71,31
0450_72,22
0451_0,19
0451_1,19
0451_2,31
0451_3,31
0451_4,28
0451_5,22
0451_6,28
0451_7,28
0451_8,28
0451_9,31
0451_10,25
0451_11,15
0451_12,17
0451_13,28
0451_14,21
0451_15,25
0451_16,25
0451_17,1
0451_18,28
0451_19,1
0451_20,25
0451_21,31
0451_22,31
0451_23,31
0451_24,22
0451_25,31
0451_26,31
0451_27,31
0451_28,20
0451_29,31
0451_30,31
0451_31,31
0451_32,31
0451_33,31
0451_34,25
0451_35,28
0451_36,28
0451_37,28
0451_38,28
0451_39,28
0452_0,19
0452_1,19
0452_2,16
0452_3,31
0452_4,16
0452_5,16
0452_6,30
0452_7,30
0452_8,30
0453_0,30
0453_1,21
0453_2,7
0453_3,16
0453_4,1
0453_5,30
0453_6,16
0453_7,21
0453_8,21
0453_9,31
0453_10,28
0453_11,1
0453_12,30
0453_13,31
0453_14,7
0453_15,7
0453_16,10
0453_17,10
0453_18,10
0453_19,10
0453_20,10
0453_21,10
0453_22,10
0453_23,28
0453_24,28
0453_25,28
0453_26,31
0453_27,31
0453_28,21
0453_29,21
0453_30,28
0453_31,30
